Data3D,Data2D,CIPLvl,CIPRoot,CIPRanks,CIPr/s,NmLvl,Nms/e,Nm1,Nm2,Nm3,Nm4,Nm5,Nm6
"C14H16O9
APtclcactv02221806043D 0   0.00000     0.00000
 
 39 41  0  0  1  0  0  0  0  0999 V2000
    2.3882    3.6232    0.3661 O   0  0  0  0  0  0  0  0  0  0  0  0
    3.0928    2.5636   -0.2842 C   0  0  0  0  0  0  0  0  0  0  0  0
    2.5569    1.2176    0.2077 C   0  0  1  0  0  0  0  0  0  0  0  0
    2.6202    1.1810    1.2953 H   0  0  0  0  0  0  0  0  0  0  0  0
    1.1916    1.0798   -0.1900 O   0  0  0  0  0  0  0  0  0  0  0  0
    3.4029    0.0904   -0.3852 C   0  0  1  0  0  0  0  0  0  0  0  0
    3.3462    0.1275   -1.4731 H   0  0  0  0  0  0  0  0  0  0  0  0
    4.7623    0.2486    0.0262 O   0  0  0  0  0  0  0  0  0  0  0  0
    2.8738   -1.2635    0.1085 C   0  0  2  0  0  0  0  0  0  0  0  0
    3.0303   -1.3508    1.1837 H   0  0  0  0  0  0  0  0  0  0  0  0
    3.5537   -2.3237   -0.5665 O   0  0  0  0  0  0  0  0  0  0  0  0
    1.3769   -1.3254   -0.2034 C   0  0  2  0  0  0  0  0  0  0  0  0
    1.2295   -1.3087   -1.2833 H   0  0  0  0  0  0  0  0  0  0  0  0
    0.6995   -0.1060    0.4223 C   0  0  2  0  0  0  0  0  0  0  0  0
    0.9530   -0.0772    1.4820 H   0  0  0  0  0  0  0  0  0  0  0  0
   -0.7920   -0.2138    0.2936 C   0  0  0  0  0  0  0  0  0  0  0  0
   -1.5756    0.9260    0.3114 C   0  0  0  0  0  0  0  0  0  0  0  0
   -0.9926    2.1482    0.4388 O   0  0  0  0  0  0  0  0  0  0  0  0
   -2.9592    0.8253    0.1990 C   0  0  0  0  0  0  0  0  0  0  0  0
   -3.7234    1.9487    0.2154 O   0  0  0  0  0  0  0  0  0  0  0  0
   -3.8516    2.3809   -1.1406 C   0  0  0  0  0  0  0  0  0  0  0  0
   -3.5631   -0.4229    0.0692 C   0  0  0  0  0  0  0  0  0  0  0  0
   -4.9157   -0.5166   -0.0376 O   0  0  0  0  0  0  0  0  0  0  0  0
   -2.7868   -1.5666    0.0484 C   0  0  0  0  0  0  0  0  0  0  0  0
   -1.3988   -1.4668    0.1567 C   0  0  0  0  0  0  0  0  0  0  0  0
   -0.5615   -2.6863    0.1148 C   0  0  0  0  0  0  0  0  0  0  0  0
   -1.0435   -3.7783   -0.1119 O   0  0  0  0  0  0  0  0  0  0  0  0
    0.7816   -2.5322    0.3488 O   0  0  0  0  0  0  0  0  0  0  0  0
    2.7557    4.4516    0.0286 H   0  0  0  0  0  0  0  0  0  0  0  0
    2.9494    2.6398   -1.3620 H   0  0  0  0  0  0  0  0  0  0  0  0
    4.1553    2.6381   -0.0528 H   0  0  0  0  0  0  0  0  0  0  0  0
    5.0560    1.1086   -0.3042 H   0  0  0  0  0  0  0  0  0  0  0  0
    4.4936   -2.2291   -0.3600 H   0  0  0  0  0  0  0  0  0  0  0  0
   -0.8028    2.4619   -0.4560 H   0  0  0  0  0  0  0  0  0  0  0  0
   -4.4601    3.2845   -1.1780 H   0  0  0  0  0  0  0  0  0  0  0  0
   -2.8635    2.5911   -1.5500 H   0  0  0  0  0  0  0  0  0  0  0  0
   -4.3291    1.5968   -1.7282 H   0  0  0  0  0  0  0  0  0  0  0  0
   -5.1253   -0.4731   -0.9806 H   0  0  0  0  0  0  0  0  0  0  0  0
   -3.2534   -2.5354   -0.0513 H   0  0  0  0  0  0  0  0  0  0  0  0
  1  2  1  0  0  0  0
  2  3  1  0  0  0  0
  3  4  1  0  0  0  0
  3  5  1  0  0  0  0
  3  6  1  0  0  0  0
  6  7  1  0  0  0  0
  6  8  1  0  0  0  0
  6  9  1  0  0  0  0
  9 10  1  0  0  0  0
  9 11  1  0  0  0  0
  9 12  1  0  0  0  0
 12 13  1  0  0  0  0
 12 14  1  0  0  0  0
 14 15  1  0  0  0  0
  5 14  1  0  0  0  0
 14 16  1  0  0  0  0
 16 17  1  0  0  0  0
 17 18  1  0  0  0  0
 17 19  2  0  0  0  0
 19 20  1  0  0  0  0
 20 21  1  0  0  0  0
 19 22  1  0  0  0  0
 22 23  1  0  0  0  0
 22 24  2  0  0  0  0
 24 25  1  0  0  0  0
 16 25  2  0  0  0  0
 25 26  1  0  0  0  0
 26 27  2  0  0  0  0
 26 28  1  0  0  0  0
 12 28  1  0  0  0  0
  1 29  1  0  0  0  0
  2 30  1  0  0  0  0
  2 31  1  0  0  0  0
  8 32  1  0  0  0  0
 11 33  1  0  0  0  0
 18 34  1  0  0  0  0
 21 35  1  0  0  0  0
 21 36  1  0  0  0  0
 21 37  1  0  0  0  0
 23 38  1  0  0  0  0
 24 39  1  0  0  0  0
M  END
$$$$","C14H16O9
APtclcactv02221806032D 0   0.00000     0.00000
 
 39 41  0  0  1  0  0  0  0  0999 V2000
    8.1403    2.7263    0.0000 O   0  0  0  0  0  0  0  0  0  0  0  0
    7.2762    2.2230    0.0000 C   0  0  0  0  0  0  0  0  0  0  0  0
    7.2800    1.2230    0.0000 C   0  0  1  0  0  0  0  0  0  0  0  0
    6.7413    1.5299    0.0000 H   0  0  0  0  0  0  0  0  0  0  0  0
    6.3820    0.6952    0.0000 O   0  0  0  0  0  0  0  0  0  0  0  0
    8.1821    0.7022    0.0000 C   0  0  1  0  0  0  0  0  0  0  0  0
    8.7173    0.3891    0.0000 H   0  0  0  0  0  0  0  0  0  0  0  0
    9.0501    1.1988    0.0000 O   0  0  0  0  0  0  0  0  0  0  0  0
    8.1741   -0.3394    0.0000 C   0  0  2  0  0  0  0  0  0  0  0  0
    8.7140   -0.0346    0.0000 H   0  0  0  0  0  0  0  0  0  0  0  0
    9.0343   -0.8494    0.0000 O   0  0  0  0  0  0  0  0  0  0  0  0
    7.2641   -0.8463    0.0000 C   0  0  2  0  0  0  0  0  0  0  0  0
    7.9969   -1.2770    0.0000 H   0  0  0  0  0  0  0  0  0  0  0  0
    6.3981   -0.3463    0.0000 C   0  0  2  0  0  0  0  0  0  0  0  0
    7.1309    0.0844    0.0000 H   0  0  0  0  0  0  0  0  0  0  0  0
    5.5320   -0.8463    0.0000 C   0  0  0  0  0  0  0  0  0  0  0  0
    4.6381   -0.3116    0.0000 C   0  0  0  0  0  0  0  0  0  0  0  0
    4.6497    0.6883    0.0000 O   0  0  0  0  0  0  0  0  0  0  0  0
    3.7320   -0.8255    0.0000 C   0  0  0  0  0  0  0  0  0  0  0  0
    2.8679   -0.3221    0.0000 O   0  0  0  0  0  0  0  0  0  0  0  0
    2.0000   -0.8188    0.0000 C   0  0  0  0  0  0  0  0  0  0  0  0
    3.7320   -1.8671    0.0000 C   0  0  0  0  0  0  0  0  0  0  0  0
    2.8679   -2.3704    0.0000 O   0  0  0  0  0  0  0  0  0  0  0  0
    4.6381   -2.3810    0.0000 C   0  0  0  0  0  0  0  0  0  0  0  0
    5.5320   -1.8463    0.0000 C   0  0  0  0  0  0  0  0  0  0  0  0
    6.3981   -2.3463    0.0000 C   0  0  0  0  0  0  0  0  0  0  0  0
    6.3981   -3.3463    0.0000 O   0  0  0  0  0  0  0  0  0  0  0  0
    7.2641   -1.8463    0.0000 O   0  0  0  0  0  0  0  0  0  0  0  0
    8.1379    3.3463    0.0000 H   0  0  0  0  0  0  0  0  0  0  0  0
    7.0619    2.8047    0.0000 H   0  0  0  0  0  0  0  0  0  0  0  0
    6.6660    2.1129    0.0000 H   0  0  0  0  0  0  0  0  0  0  0  0
    9.5858    0.8867    0.0000 H   0  0  0  0  0  0  0  0  0  0  0  0
    9.5748   -0.5457    0.0000 H   0  0  0  0  0  0  0  0  0  0  0  0
    4.1164    1.0045    0.0000 H   0  0  0  0  0  0  0  0  0  0  0  0
    1.6921   -0.2807    0.0000 H   0  0  0  0  0  0  0  0  0  0  0  0
    1.4619   -1.1267    0.0000 H   0  0  0  0  0  0  0  0  0  0  0  0
    2.3079   -1.3569    0.0000 H   0  0  0  0  0  0  0  0  0  0  0  0
    2.8703   -2.9904    0.0000 H   0  0  0  0  0  0  0  0  0  0  0  0
    4.6453   -3.0009    0.0000 H   0  0  0  0  0  0  0  0  0  0  0  0
  1  2  1  0  0  0  0
  3  2  1  6  0  0  0
  3  4  1  0  0  0  0
  3  5  1  0  0  0  0
  3  6  1  0  0  0  0
  6  7  1  0  0  0  0
  6  8  1  1  0  0  0
  6  9  1  0  0  0  0
  9 10  1  0  0  0  0
  9 11  1  6  0  0  0
  9 12  1  0  0  0  0
 12 13  1  6  0  0  0
 12 14  1  0  0  0  0
 14 15  1  1  0  0  0
  5 14  1  0  0  0  0
 14 16  1  0  0  0  0
 16 17  1  0  0  0  0
 17 18  1  0  0  0  0
 17 19  2  0  0  0  0
 19 20  1  0  0  0  0
 20 21  1  0  0  0  0
 19 22  1  0  0  0  0
 22 23  1  0  0  0  0
 22 24  2  0  0  0  0
 24 25  1  0  0  0  0
 16 25  2  0  0  0  0
 25 26  1  0  0  0  0
 26 27  2  0  0  0  0
 26 28  1  0  0  0  0
 12 28  1  0  0  0  0
  1 29  1  0  0  0  0
  2 30  1  0  0  0  0
  2 31  1  0  0  0  0
  8 32  1  0  0  0  0
 11 33  1  0  0  0  0
 18 34  1  0  0  0  0
 21 35  1  0  0  0  0
 21 36  1  0  0  0  0
 21 37  1  0  0  0  0
 23 38  1  0  0  0  0
 24 39  1  0  0  0  0
M  END
$$$$",1,1,"2,0,29,30",r,,,,,,,,
"C3H7NO2
APtclcactv02271810173D 0   0.00000     0.00000
 
 13 12  0  0  0  0  0  0  0  0999 V2000
   -1.2615    1.2601    0.5688 C   0  0  0  0  0  0  0  0  0  0  0  0
   -0.6990    0.2385   -0.4215 C   0  0  0  0  0  0  0  0  0  0  0  0
    0.7150   -0.1104   -0.0344 C   0  0  0  0  0  0  0  0  0  0  0  0
    0.9412   -1.1312    0.5712 O   0  0  0  0  0  0  0  0  0  0  0  0
    1.7233    0.7127   -0.3625 O   0  0  0  0  0  0  0  0  0  0  0  0
   -1.5270   -0.9746   -0.3970 N   0  0  0  0  0  0  0  0  0  0  0  0
   -0.6471    2.1603    0.5506 H   0  0  0  0  0  0  0  0  0  0  0  0
   -2.2843    1.5125    0.2889 H   0  0  0  0  0  0  0  0  0  0  0  0
   -1.2539    0.8353    1.5726 H   0  0  0  0  0  0  0  0  0  0  0  0
   -0.7066    0.6633   -1.4253 H   0  0  0  0  0  0  0  0  0  0  0  0
    2.6306    0.4888   -0.1141 H   0  0  0  0  0  0  0  0  0  0  0  0
   -1.4907   -1.3314    0.5462 H   0  0  0  0  0  0  0  0  0  0  0  0
   -2.4782   -0.6798   -0.5590 H   0  0  0  0  0  0  0  0  0  0  0  0
  1  2  1  0  0  0  0
  2  3  1  0  0  0  0
  3  4  2  0  0  0  0
  3  5  1  0  0  0  0
  2  6  1  0  0  0  0
  1  7  1  0  0  0  0
  1  8  1  0  0  0  0
  1  9  1  0  0  0  0
  2 10  1  0  0  0  0
  5 11  1  0  0  0  0
  6 12  1  0  0  0  0
  6 13  1  0  0  0  0
M  END
$$$$","C3H7NO2
APtclcactv02271810172D 0   0.00000     0.00000
 
 13 12  0  0  0  0  0  0  0  0999 V2000
    3.4030   -1.2500    0.0000 C   0  0  0  0  0  0  0  0  0  0  0  0
    3.4030   -0.2500    0.0000 C   0  0  0  0  0  0  0  0  0  0  0  0
    4.2690    0.2500    0.0000 C   0  0  0  0  0  0  0  0  0  0  0  0
    4.2690    1.2500    0.0000 O   0  0  0  0  0  0  0  0  0  0  0  0
    5.1350   -0.2500    0.0000 O   0  0  0  0  0  0  0  0  0  0  0  0
    2.5369    0.2500    0.0000 N   0  0  0  0  0  0  0  0  0  0  0  0
    2.7830   -1.2500    0.0000 H   0  0  0  0  0  0  0  0  0  0  0  0
    3.4030   -1.8700    0.0000 H   0  0  0  0  0  0  0  0  0  0  0  0
    4.0230   -1.2500    0.0000 H   0  0  0  0  0  0  0  0  0  0  0  0
    3.4030    0.3700    0.0000 H   0  0  0  0  0  0  0  0  0  0  0  0
    5.6719    0.0600    0.0000 H   0  0  0  0  0  0  0  0  0  0  0  0
    2.0000   -0.0600    0.0000 H   0  0  0  0  0  0  0  0  0  0  0  0
    2.5369    0.8700    0.0000 H   0  0  0  0  0  0  0  0  0  0  0  0
  1  2  1  0  0  0  0
  2  3  1  0  0  0  0
  3  4  2  0  0  0  0
  3  5  1  0  0  0  0
  2  6  1  0  0  0  0
  1  7  1  0  0  0  0
  1  8  1  0  0  0  0
  1  9  1  0  0  0  0
  2 10  1  0  0  0  0
  5 11  1  0  0  0  0
  6 12  1  0  0  0  0
  6 13  1  0  0  0  0
M  END
$$$$",2,1,"5,2,0,9",r,,,,,,,,
